{"cameraMode":{"drawMode":31,"name":"Sprite Mask","section":"Miscellaneous"},"sceneLighting":false,"audioPlay":false,"sceneViewState":{"showFog":true,"showMaterialUpdate":false,"showSkybox":false,"showFlares":true,"showImageEffects":true,"showParticleSystems":true},"in2DMode":false,"pivot":{"x":12.077499389648438,"y":10.993614196777344,"z":-0.03999999910593033},"rotation":{"x":-0.2121352106332779,"y":-0.08051791042089462,"z":-0.017540844157338144,"w":0.9737607836723328},"size":0.3252805173397064,"orthographic":false}