{"cameraMode":{"drawMode":31,"name":"Sprite Mask","section":"Miscellaneous"},"sceneLighting":true,"audioPlay":false,"sceneViewState":{"showFog":true,"showMaterialUpdate":false,"showSkybox":true,"showFlares":true,"showImageEffects":true,"showParticleSystems":true},"in2DMode":false,"pivot":{"x":24.09375,"y":22.954614639282228,"z":-0.03999999910593033},"rotation":{"x":-0.2121352106332779,"y":-0.08051791042089462,"z":-0.017540844157338144,"w":0.9737607836723328},"size":0.343721479177475,"orthographic":false}